id,size,owner,order
1,medium,Wood Kirckman,Muffin Mix - Lemon Cranberry
2,medium,Sasha MacGraith,"Cheese - Cheddar, Medium"
3,medium,Madlin Paolo,Pop - Club Soda Can
4,medium,Shantee Szymanowski,Crackers - Soda / Saltins
5,medium,Letty Orht,Bread - Frozen Basket Variety
6,medium,Tudor Calcutt,Saskatoon Berries - Frozen
7,big,Teresita Reinmar,Jicama
8,small,Sallyanne Adam,Soup - French Onion
9,small,Fayth Hamshar,Chocolate Eclairs
10,big,Casi Marlin,Wine - Magnotta - Cab Sauv
11,big,Thomasin Narraway,"Soup - Knorr, Chicken Noodle"
12,big,Jerrome Fewings,"Flour - Buckwheat, Dark"
13,medium,Sheilakathryn Bouskill,Aspic - Clear
14,big,Efren Joy,Shichimi Togarashi Peppeers
15,medium,Vivie Howship,"Star Anise, Whole"
16,medium,Kamillah Le Gallo,"Liners - Banana, Paper"
17,medium,Jacinthe Fibbings,Oil - Pumpkinseed
18,medium,Phillipe Kernar,Spinach - Packaged
19,small,Olenka Longbone,Raspberries - Frozen
20,medium,Fulvia McConnel,Chocolate Bar - Reese Pieces
21,big,Lola Coale,Cheese - Grana Padano
22,medium,Kalle Wilford,Soup Campbells - Italian Wedding
23,big,Bernette MacGinlay,"Juice - Apple, 500 Ml"
24,medium,Carolin Bussens,Myers Planters Punch
25,small,Ulla Greder,"Oil - Truffle, White"
26,medium,Ingemar Smail,"Pork - Loin, Center Cut"
27,small,Gael Gilligan,Shark - Loin
28,medium,Nickie Deaconson,Bacardi Limon
29,big,Nial Mulliner,Chocolate Liqueur - Godet White
30,big,Corella Salmond,Raisin - Dark
31,small,Darnell Keble,Maple Syrup
32,small,Berky Dunton,Sauce - Marinara
33,medium,Burlie Elgee,Spice - Montreal Steak Spice
34,small,Charmaine McGuirk,Wine - Barolo Fontanafredda
35,small,Rheba O'Hagerty,Cake - Lemon Chiffon
36,big,Marylynne Womersley,Sauce - Caesar Dressing
37,big,Sarena Bramer,Cranberries - Dry
38,medium,Belicia Yeoman,"Pepper - Julienne, Frozen"
39,medium,Morris Cranfield,Wine - Port Late Bottled Vintage
40,medium,Gayla Dossantos,"Lettuce - Mini Greens, Whole"
41,small,Daphene Harbor,Garam Marsala
42,small,Clarke Tuffley,Pork Casing
43,big,Clyve Rowbottom,Tomatoes - Cherry
44,small,Orran Beton,Wine - Two Oceans Cabernet
45,medium,Phip Tipling,Garlic - Elephant
46,medium,Bald Pendrid,Lady Fingers
47,small,Washington Cicchetto,Scallops - U - 10
48,big,Leonhard Carrell,Compound - Rum
49,big,Dennie Goldman,Lumpfish Black
50,small,Jeremy Portriss,"Leeks - Baby, White"
51,medium,Mariquilla Bompas,Eggplant Italian
52,big,Clovis Hounihan,"Artichokes - Knobless, White"
53,big,Erena O'Fairy,Muffin - Mix - Strawberry Rhubarb
54,small,Bonnibelle Manilove,"Salt - Rock, Course"
55,small,Roch Scullard,Ice Cream - Fudge Bars
56,medium,Kata Dible,Lobster - Tail 6 Oz
57,small,Erda Scrivin,Cheese - Mascarpone
58,small,Avie Azam,Tequila - Sauza Silver
59,medium,Karyn Aleksich,"Stock - Beef, White"
60,small,Dyane Francey,"Asparagus - White, Canned"
61,big,Nicky Grindlay,Clam Nectar
62,big,Mitchell Mosdell,Chicken - Livers
63,small,Toiboid Kermath,Beef Cheek Fresh
64,medium,Dusty Josephov,"Pepper - Green, Chili"
65,big,Odetta Leyson,Sambuca - Opal Nera
66,big,Nessy Habron,Pepper - Cayenne
67,big,Aila Bowshire,Appetiser - Bought
68,medium,Jilleen Raise,Cheese - Feta
69,small,Elnore McKellar,V8 - Tropical Blend
70,medium,Dietrich Endley,Burger Veggie
71,small,Andee Muffett,Yams
72,medium,Wallache Axton,Madeira
73,medium,Chris Fockes,Bread - Italian Corn Meal Poly
74,medium,Bendicty Jako,Carbonated Water - Peach
75,medium,Baxy Wainscot,Cookie - Oreo 100x2
76,medium,Otes Desantis,Cheese - Roquefort Pappillon
77,big,Gusta Yankeev,Bar Special K
78,small,Lib Simonaitis,Chocolate - Liqueur Cups With Foil
79,small,Nolana Eldritt,Pasta - Agnolotti - Butternut
80,medium,Daryle Huckel,Lid Tray - 16in Dome
81,big,Veronike Garr,Bay Leaf
82,small,Paten Sharplin,"Pasta - Elbows, Macaroni, Dry"
83,small,Auroora Stolz,Sauce - Demi Glace
84,small,Rafaelita Lamps,Eggs - Extra Large
85,small,Dalis Castellucci,"7up Diet, 355 Ml"
86,medium,Dyana Denison,Beer - Heinekin
87,big,Hewie Humbatch,Fudge - Cream Fudge
88,small,Darice Simao,Smoked Tongue
89,medium,Maryl Jacomb,Juice Peach Nectar
90,big,Pennie Caulcutt,Bread - Pain Au Liat X12
91,big,Leontine Vizard,Flower - Commercial Spider
92,small,Laina Eilers,Calaloo
93,medium,Jefferey Darte,Flour - Strong
94,medium,Clementina Volk,"Beef - Baby, Liver"
95,big,Eugenie Elesander,Apple - Macintosh
96,small,Carr Fried,Whmis - Spray Bottle Trigger
97,medium,Fanchon Chatten,Pie Shells 10
98,big,Lek Tresise,Flax Seed
99,small,Maribelle Doby,Corn Meal
100,small,Ebba Coate,Remy Red Berry Infusion
